vehicle model,vehicle type
Audi A1,Car
Audi A6,Car
Audi A4,Car
Audi A3,Car
Audi Q3,SUV
Audi Q5,SUV
Audi A5,Car
Audi S4,Car
Audi Q2,SUV
Audi A7,Car
Audi TT,Car
Audi Q7,SUV
Audi RS6,Car
Audi RS3,Car
Audi A8,Car
Audi Q8,SUV
Audi RS4,Car
Audi RS5,Car
Audi R8,Car
Audi SQ5,SUV
Audi S8,Car
Audi SQ7,SUV
Audi S3,Car
Audi S5,Car
Audi A2,Car
Audi RS7,Car
BMW 5 Series,Car
BMW 6 Series,Car
BMW 1 Series,Car
BMW 7 Series,Car
BMW 2 Series,Car
BMW 4 Series,Car
BMW X3,SUV
BMW 3 Series,Car
BMW X5,SUV
BMW X4,SUV
BMW i3,Car
BMW X1,SUV
BMW M4,Car
BMW X2,SUV
BMW X6,SUV
BMW 8 Series,Car
BMW Z4,Car
BMW X7,SUV
BMW M5,Car
BMW i8,Car
BMW M2,Car
BMW M3,Car
BMW M6,Car
BMW Z3,Car
Vauxhall Corsa,Car
Vauxhall Astra,Car
Vauxhall Viva,Car
Vauxhall Mokka,SUV
Vauxhall Mokka X,SUV
Vauxhall Crossland X,SUV
Vauxhall Zafira,Van
Vauxhall Meriva,Car
Vauxhall Zafira Tourer,Van
Vauxhall Adam,Car
Vauxhall Grandland X,SUV
Vauxhall Antara,SUV
Vauxhall Insignia,Car
Vauxhall Ampera,Car
Vauxhall GTC,Car
Vauxhall Combo Life,Van
Vauxhall Vivaro,Van
Vauxhall Cascada,Car
Vauxhall Kadjar,SUV
Vauxhall Agila,Van
Vauxhall Tigra,Car
Vauxhall Vectra,Car
Skoda Octavia,Car
Skoda Citigo,Car
Skoda Yeti Outdoor,SUV
Skoda Superb,Car
Skoda Kodiaq,SUV
Skoda Rapid,Car
Skoda Karoq,SUV
Skoda Fabia,Car
Skoda Yeti,SUV
Skoda Scala,Car
Skoda Roomster,Van
Skoda Kamiq,SUV
Toyota GT86,Car
Toyota Corolla,Car
Toyota RAV4,SUV
Toyota Yaris,Car
Toyota Auris,Car
Toyota Aygo,Car
Toyota C-HR,SUV
Toyota Prius,Car
Toyota Avensis,Car
Toyota Verso,Van
Toyota Hilux,Pickup
Toyota PROACE VERSO,Van
Toyota Land Cruiser,SUV
Toyota Supra,Car
Toyota Camry,Car
Toyota Verso-S,Car
Toyota IQ,Car
Toyota Urban Cruiser,SUV
Volkswagen T-Roc,SUV
Volkswagen Golf,Car
Volkswagen Passat,Car
Volkswagen T-Cross,SUV
Volkswagen Polo,Car
Volkswagen Tiguan,SUV
Volkswagen Sharan,Van
Volkswagen Up,Car
Volkswagen Scirocco,Car
Volkswagen Beetle,Car
Volkswagen Caddy Maxi Life,Van
Volkswagen Caravelle,Van
Volkswagen Touareg,SUV
Volkswagen Arteon,Car
Volkswagen Touran,Van
Volkswagen Golf SV,Car
Volkswagen Amarok,Pickup
Volkswagen Tiguan Allspace,SUV
Volkswagen Shuttle,Van
Volkswagen Jetta,Car
Volkswagen CC,Car
Volkswagen California,Van
Volkswagen Caddy Life,Van
Volkswagen Caddy,Van
Volkswagen Caddy Maxi,Van
Volkswagen Eos,Car
Volkswagen Fox,Car
Ford Fiesta,Car
Ford Focus,Car
Ford Puma,Car
Ford Kuga,SUV
Ford EcoSport,SUV
Ford C-MAX,Van
Ford Mondeo,Car
Ford Ka+,Car
Ford Tourneo Custom,Van
Ford S-MAX,Van
Ford B-MAX,Van
Ford Edge,SUV
Ford Tourneo Connect,Van
Ford Grand C-MAX,Van
Ford KA,Car
Ford Galaxy,Van
Ford Mustang,Car
Ford Grand Tourneo Connect,Van
Ford Fusion,Car
Ford Ranger,Pickup
Ford Streetka,Car
Ford Escort,Car
Ford Transit Tourneo,Van
Hyundai I20,Car
Hyundai Tucson,SUV
Hyundai I10,Car
Hyundai IX35,SUV
Hyundai I30,Car
Hyundai I40,Van
Hyundai Ioniq,SUV
Hyundai Kona,SUV
Hyundai Veloster,Car
Hyundai I800,Van
Hyundai IX20,Van
Hyundai Santa Fe,SUV
Hyundai Accent,Car
Hyundai Terracan,SUV
Hyundai Getz,Car
Hyundai Amica,Car
Mercedes SLK,Car
Mercedes S Class,Car
Mercedes SL CLASS,Car
Mercedes G Class,SUV
Mercedes GLE Class,SUV
Mercedes GLA Class,SUV
Mercedes A Class,Car
Mercedes B Class,Car
Mercedes GLC Class,SUV
Mercedes C Class,Car
Mercedes E Class,Car
Mercedes GL Class,SUV
Mercedes CLS Class,Car
Mercedes CLC Class,Car
Mercedes CLA Class,Car
Mercedes V Class,Van
Mercedes M Class,SUV
Mercedes CL Class,Car
Mercedes GLS Class,SUV
Mercedes GLB Class,SUV
Mercedes X-CLASS,Pickup
Mercedes180,Car
Mercedes CLK,Car
Mercedes R Class,Van
Mercedes230,Car
Mercedes220,Car
Mercedes200,Car
